{
    "camera_point_to": [
        0.0, 
        -0.35, 
        0.0
    ], 
    "camera_position": [
        0.0, 
        0.35, 
        -5.0
    ], 
    "cone": [
        {
            "color": [
                0.12941176470588237, 
                0.5764705882352941, 
                0.22745098039215686
            ], 
            "height": 0.9, 
            "position": [
                2.0, 
                0.25, 
                -1.5
            ], 
            "radius": 0.4, 
            "rotation_angle": [
                0.0, 
                0.0, 
                0.0
            ], 
            "transparency_level": 2
        }
    ], 
    "cube": [
        {
            "color": [
                0.43529411764705883, 
                0.12941176470588237, 
                0.30196078431372547
            ], 
            "length": 0.6, 
            "position": [
                1.0, 
                0.5, 
                -1.2
            ], 
            "rotation_angle": [
                30.0, 
                0.0, 
                30.0
            ], 
            "transparency_level": 1
        }
    ], 
    "cylinder": [
        {
            "color": [
                0.5803921568627451, 
                0.30196078431372547, 
                0.38823529411764707
            ], 
            "height": 0.7, 
            "position": [
                -1.0, 
                2.0, 
                -0.7
            ], 
            "radius": 0.5, 
            "rotation_angle": [
                0.0, 
                0.0, 
                30.0
            ], 
            "transparency_level": 3
        }
    ], 
    "light": [
        0.0, 
        5.0, 
        -10.0
    ], 
    "plane": [
        {
            "normal": [
                0.0, 
                1.0, 
                0.0
            ], 
            "position": [
                0.0, 
                -0.5, 
                0.0
            ], 
            "transparency_level": 0
        }
    ], 
    "sphere": [
        {
            "color": [
                0.17254901960784313, 
                0.17254901960784313, 
                0.5647058823529412
            ], 
            "position": [
                -2.0, 
                0.5, 
                -2.0
            ], 
            "radius": 0.6, 
            "transparency_level": 4
        }
    ], 
    "tetrahedron": [
        {
            "color": [
                0.12941176470588237, 
                0.21568627450980393, 
                0.5215686274509804
            ], 
            "length": 0.9, 
            "position": [
                0.15, 
                0.0, 
                -3.0
            ], 
            "rotation_angle": [
                0.0, 
                0.0, 
                0.0
            ], 
            "transparency_level": 0
        }
    ]
}