{
    "camera_point_to": [
        0.0, 
        0.35, 
        0.0
    ], 
    "camera_position": [
        0.0, 
        0.35, 
        -1.0
    ], 
    "light": [
        0.0, 
        5.0, 
        -10.0
    ], 
    "plane": [
        {
            "normal": [
                0.0, 
                1.0, 
                0.0
            ], 
            "position": [
                0.0, 
                -0.5, 
                0.0
            ], 
            "transparency_level": 0
        }
    ], 
    "sphere": [
        {
            "color": [
                0.12941176470588237, 
                0.5215686274509804, 
                0.12941176470588237
            ], 
            "position": [
                1.0, 
                1.0, 
                1.0
            ], 
            "radius": 1.0, 
            "transparency_level": 0
        }
    ]
}