{
    "camera_point_to": [
        0.0, 
        0.35, 
        -1.0
    ], 
    "camera_position": [
        0.0, 
        0.35, 
        -1.0
    ], 
    "cube": [
        {
            "color": [
                0.00392156862745098, 
                0.00392156862745098, 
                0.00392156862745098
            ], 
            "length": 1.0, 
            "position": [
                11.0, 
                1.0, 
                1.0
            ], 
            "rotation_angle": [
                1.0, 
                1.0, 
                1.0
            ], 
            "transparency_level": 2
        }
    ], 
    "light": [
        0.0, 
        5.0, 
        -10.0
    ], 
    "plane": [
        {
            "normal": [
                0.0, 
                1.0, 
                0.0
            ], 
            "position": [
                0.0, 
                -0.5, 
                0.0
            ], 
            "transparency_level": 0
        }
    ]
}